<?xml version="1.0" encoding="UTF-8"?>
<project-private xmlns="http://www.netbeans.org/ns/project-private/1">
    <editor-bookmarks xmlns="http://www.netbeans.org/ns/editor-bookmarks/2" lastBookmarkId="0"/>
    <open-files xmlns="http://www.netbeans.org/ns/projectui-open-files/2">
        <group>
            <file>file:/D:/xampp/htdocs/adityagold/index.php</file>
            <file>file:/D:/xampp/htdocs/adityagold/application/config/routes.php</file>
            <file>file:/D:/xampp/htdocs/adityagold/application/views/admin/header.php</file>
            <file>file:/D:/xampp/htdocs/adityagold/application/views/admin/expenditurelist.php</file>
            <file>file:/D:/xampp/htdocs/adityagold/application/views/admin/income.php</file>
            <file>file:/D:/xampp/htdocs/adityagold/application/views/admin/expenditure.php</file>
            <file>file:/D:/xampp/htdocs/adityagold/application/controllers/Admin.php</file>
            <file>file:/D:/xampp/htdocs/adityagold/application/models/Common_model.php</file>
            <file>file:/D:/xampp/htdocs/adityagold/application/views/admin/report.php</file>
            <file>file:/D:/xampp/htdocs/adityagold/application/views/admin/incomelist.php</file>
        </group>
    </open-files>
</project-private>
